{
    "loss": 0.1052698865532875,
    "accuarcy": 0.9607843160629272
}