{
    "loss": 0.6415119767189026,
    "accuarcy": 0.6274510025978088
}